"Original Text","Initial","Machine translation","Better translation","Best translation"
"#0000FF00","","","",""
"guanlijiemian","","","",""
"无","","","",""
"kongxian2","","","",""
"kongxian","","","",""
"tx","","","",""
"QME","","","",""
"images/face/QME[QMEzr]-[QMEpf].png","","","",""
"images/face/[PX1sx][PX1pf].png","","","",""
"images/face/[PX2sx][PX2pf].png","","","",""
"images/face/[PX3sx][PX3pf].png","","","",""
"zidongpeixun","","","",""
"peixunoverlay","","","",""
"{color=#663300}{size=+4}[money]{/color}{/size}","","","",""
"dmioutline","","","",""
"gui/button/BT_tishengxuanchuan_%s.png","","","",""
"gui/button/BT_zuoqubianwu_%s.png","","","",""
"gui/button/BT_tishengyinbi_%s.png","","","",""
"gui/button/BT_shengjiqinglou_%s.png","","","",""
"gui/button/BT_pxanniu_%s.png","","","",""
"才艺","","","",""
"caiyimeiyue","","","",""
"魅力","","","",""
"meilimeiyue","","","",""
"武功","","","",""
"wugongmeiyue","","","",""
"level2unlock","","","",""
"level3unlock","","","",""
"level4unlock","","","",""
"{color=#81635D}{size=-6}+[PX1ds]{/size}{/color}","","","",""
"{color=#81635D}{size=-6}+[PX2ds]{/size}{/color}","","","",""
"{color=#81635D}{size=-6}+[PX3ds]{/size}{/color}","","","",""
"images/qinglou[dengji].png","","","",""
"gui/button/BT_question_%s.png","","","",""
"help_guanli","","","",""
"images/yangchengbg.jpg","","","",""
"gui/button/BT_guanli_%s.png","","","",""
"gui/button/BT_caiyi_%s.png","","","",""
"gui/button/BT_wugong_%s.png","","","",""
"gui/button/BT_huodong_%s.png","","","",""
"TEguanli","","","",""
"TEhuodong","","","",""
"gui/button/BT_jichang_%s.png","","","",""
"gui/button/BT_shouxia_%s.png","","","",""
"images/reddot.png","","","",""
"teshutishi","","","",""
"gui/button/BT_jieshu_%s.png","","","",""
"{color=#cc3300}{size=+22}[tili]{/color}","","","",""
"tilistyle","","","",""
"gui/button/BT_bangzhu_%s.png","","","",""
"gui/button/BT_waichu_idle.png","","","",""
"gui/button/BT_chazhang_%s.png","","","",""
"gui/button/BT_chakanqumu_%s.png","","","",""
"gui/button/BT_bimenzaopu_%s.png","","","",""
"gui/button/BT_chakanweituo_%s.png","","","",""
"gui/button/BT_manglitouxian_%s.png","","","",""
"gui/button/BT_touzi_%s.png","","","",""
"gui/button/BT_zhibanren_%s.png","","","",""
"images/zhibanrentishi.png","","","",""
"images/face/QME[QMEzr]-[ZBpf].png","","","",""
"images/face/[zhibanren][ZBpf].png","","","",""
"images/zhiban_tupoqian.png","","","",""
"全员心情↓5 聂香才艺魅力↑2","","","",""
"{size=-4}[ZBjiacheng]{/size}","","","",""
"zhibanstyle","","","",""
"[ZBjiacheng]","","","",""
"突破后","","","",""
"images/zhiban_tupohou2.png","","","",""
"[ZBjiacheng2]","","","",""
"images/zhiban_tupohou1.png","","","",""
"{color=#BEBAB9}[ZBjiacheng2]{/color}","","","",""
"images/bar_jinqian.png","","","",""
"help_jinqian","","","",""
"images/bar_yueshouru.png","","","",""
"help_yueshouru","","","",""
"images/bar_yuezhichu.png","","","",""
"help_yuezhichu","","","",""
"images/bar_zhaiwu.png","","","",""
"help_zhaiwu","","","",""
"images/bar_mingqi.png","","","",""
"help_mingqi","","","",""
"images/bar_koubei.png","","","",""
"help_koubei","","","",""
"images/bar_yinbi.png","","","",""
"help_yinbi","","","",""
"images/bar_toupai.png","","","",""
"help_toupai","","","",""
"images/bar_hongfu.png","","","",""
"help_hongfu","","","",""
"{size=+5}[money]{/size}","","","",""
"{size=+5}[shouru]{/size}","","","",""
"{size=+5}[zhichu]{/size}","","","",""
"{size=+5}[zhaiwu]{/size}","","","",""
"{size=+5}[mingqi]{/size}","","","",""
"{size=+5}[koubei]{/size}","","","",""
"{size=+5}[yinbizhi]{/size}","","","",""
"{size=+5}[toupai]{/size}","","","",""
"{size=+5}[hongfu]{/size}","","","",""
"huodongjiemian","","","",""
"gui/button/BT_jiedaikeren_%s.png","","","",""
"gui/button/BT_drby_%s.png","","","",""
"gui/button/BT_toupaidaisai_%s.png","","","",""
"gui/button/BT_hongfuzhizheng_%s.png","","","",""
"gui/button/BT_teshushijian_%s.png","","","",""
"TEyangcheng","","","",""
"TEteshushijian","","","",""
"help_huodong","","","",""
"music/xueshantiaowu.ogg","","","",""
"【完成特殊事件的影响与奖励各有不同】
{color=#DAF7A6}【绿色】{/color}普通事件
{color=#FFC300}【金色】{/color}有丰厚的奖励","","","",""
"{color=#ff0000}【红色】{/color}不及时处理会导致损失
{color=#DE68FD}【紫色】{/color}事件影响重大","","","",""
"{color=#DE68FD}【楼中稀客】{/color} 剩余时间：0个月","","","",""
"楼中稀客","","","",""
"se/walk.ogg","","","",""
"【领着你走向雅间】主人，我们才开张一个月，竟然就有贵客光顾，是不是很厉害？","","","",""
"是何人？","","","",""
"唔，好像是哪个得宠妃子的表哥？","","","",""
"【颔首】","","","",""
"雅间内不时高声传出几个字眼，话语间更是攀扯宫中之事，看来身份不凡。","","","",""
"官僚","","","",""
"下官要提前恭喜尹大人了，锦贵妃自打进宫之后就圣宠不衰，这次若是能诞下龙子，那皇后怕是也要让你们三分。","","","",""
"尹大人","","","",""
"【摆手呵呵笑】不要瞎说，是不是皇子还不一定，我这个妹妹之前生的净是女儿。","","","",""
"大人谦虚了，半年后自然就有结果，到时候发达了可莫要忘了我们。","","","",""
"（岳治如今膝下全是皇女，并无一子，若是锦贵妃诞下龙子，局势必然会受影响。）","","","",""
"{color=#ff0000}【体力】↓5{/color}","","","",""
"music/chuntiandeganjue.ogg","","","",""
"gui/button/BT_waichu_%s.png","","","",""
"#ffffff","","","",""
"#000000","","","",""
"jiangxizhuokai.ttf","","","",""
"blackwindow","","","",""
"{color=#D7877C}","","","",""
"{/color}","","","",""
"TE_text","","","",""
"ctc_blink","","","",""
"show","","","",""
"sound","","","",""
"se/select.ogg","","","",""
"TE_press_caiyi","","","",""
"#0006","","","",""
"#0000","","","",""
"continue","","","",""
"TE_ctc","","","",""
"TE_press_LSS","","","",""
"first","","","",""
"TE_press_shouxia1","","","",""
"TE_press_shouxia","","","",""
"leave","","","",""
"leave_slow","","","",""
"caiyi","","","",""
"guanli","","","",""
"TE_WHOsx","","","",""
"首先让我们查看一下楼中所有的手下，
点击{color=#A7E37B}“手下”{/color}按钮切换界面。","","","",""
"栗子糕","","","",""
"face/Q_LZG_normal.png","","","",""
"黎双双所想不无道理......让我们去{color=#A7E37B}“手下”{/color}界面寻找答案吧！","","","",""
"face/0.png","","","",""
"up","","","",""
"0","","","",""
"LZG","","","",""
"shouxia","","","",""
"栗子主人是了解的，做什么都中规中矩，所以拥有的技能美其名曰{color=#ff0}“全能”{/color}。","","","",""
"face/Q_LZG_wuyu.png","","","",""
"second","","","",""
"images/face/[sx3PF].png","","","",""
"qshuohua","","","",""
"XSprefer","","","",""
"none","","","",""
"sxqipao","","","",""
"who","","","",""
"TE_LSSsx","","","",""
"images/face/[sx4PF].png","","","",""
"images/face/[sx5PF].png","","","",""
"images/face/[sx6PF].png","","","",""
"images/face/[sx7PF].png","","","",""
"images/face/[sx8PF].png","","","",""
"images/face/[sx9PF].png","","","",""
"images/face/[sx10PF].png","","","",""
"images/face/[sx11PF].png","","","",""
"images/face/[sx12PF].png","","","",""
"sxcover","","","",""
"sxselected","","","",""
"images/PF_chushi.png","","","",""
"images/PF_gong.png","","","",""
"黎一一","","","",""
"黎双双","","","",""
"玉漏","","","",""
"gui/button/BT_pifu_idle.png","","","",""
"images/PF_ye.png","","","",""
"images/PF_hu.png","","","",""
"吴氏","","","",""
"黄婵","","","",""
"聂香","","","",""
"任无晴","","","",""
"images/PF_feng.png","","","",""
"images/PF_he.png","","","",""
"images/PF_ssss.png","","","",""
"images/PF_xue.png","","","",""
"images/PF_liang.png","","","",""
"gui/button/BT_sxshijian_idle.png","","","",""
"gui/button/BT_jiacheng_idle.png","","","",""
"{size=-3}{color=#d25246}[WHOjn]{/color}{/size}","","","",""
"mioutline","","","",""
"yangrendong.ttf","","","",""
"接下来让我们看看双双姐的状态怎么样吧？点击{color=#7BDCE3}黎双双的头像{/color}查看她的详细信息。","","","",""
"双双姐的天赋很高，
可是因为没受过培训，
目前{color=#E85757}技能为“无”{/color}......","","","",""
"face/Q_LZG_aware.png","","","",""
"upup","","","",""
"TE_peiyang","","","",""
"如果新手下没有技能，通常说明她{color=#E85757}缺乏培训{/color}，需要主人多多费心。我们这就前往{color=#A7E37B}“才艺”{/color}培训界面吧！","","","",""
"gui/button/BT_weihuode_%s.png","","","",""
"close_yindao","","","",""
"yangcheng","","","",""
"WHOcy","","","",""
"点击{color=#7BDCE3}头像{/color}对她进行才艺培训！
你将会进入该{color=#F68CCA}角色的专属剧情{/color}哦。","","","",""
"gui/button/BT_sxshijian_%s.png","","","",""
"TE_press_shijian","","","",""
"SJtoggle","","","",""
"TE_shijian","","","",""
"{color=#A7E37B}“事件”{/color}里记录了各个角色们的专属剧情，{color=#7BDCE3}点击按钮进行查看{/color}。","","","",""
"se/magic.ogg","","","",""
"#0005","","","",""
"jc1.png","","","",""
"greenhighlight","","","",""
"（这就是人生的分岔路口吗？我们的命运，如今{color=#E85757}都在恩公的抉择之间{/color}......）","","","",""
"face/Q_LSS_listen.png","","","",""
"jc2.png","","","",""
"jc3.png","","","",""
"jc4.png","","","",""
"jc5.png","","","",""
"jc6.png","","","",""
"{size=-4}角色们的专属故事都穿插在培训剧情之中，剧情进度会直接影响主人和她们的关系，以及该角色的后续命运。{/size}","","","",""
"[qx_name!i]","","","",""
"face/Q_11_normal.png","","","",""
"游戏内共有{color=#E85757}650+个{/color}此类事件，欢迎主人自行探索！","","","",""
"face/Q_11_lue.png","","","",""
"#0007","","","",""
"咕咕咕。恭喜主人接到第一个任务，不要忘记{color=#7BDCE3}“查看详情”{/color}获取更多任务信息，这很重要！","","","",""
"主线任务也有{color=#7BDCE3}不同的走向{/color}，点击{color=#A7E37B}“任务奖励”{/color}查看该任务的全部后果。","","","",""
"本次任务只需指派{color=#7BDCE3}一名{/color}手下，但日后的任务会更加棘手，你需要{color=#E85757}培养不止一个主力{/color}。{color=#A7E37B}点击头像选择{/color}执行任务的手下吧！","","","",""
"manyidu","","","",""
"TE_renwu","","","",""
"gui/button/BT_chakanxiangqing_%s.png","","","",""
"beixuan5","","","",""
"gui/button/BT_renwujiangli_idle.png","","","",""
"gui/button/BT_renwujiangli_%s.png","","","",""
"{size=-1}如需{color=#ff0}更多攻略{/color}，请随时点开左上角的{color=#A7E37B}“帮助”{/color}按钮，那里面含有许多连栗子都不知道的重要信息哦！{/size}","","","",""
"face/Q_LZG_laugh.png","","","",""
"gui/button/BT_bangzhu_idle.png","","","",""
"可以在{color=#7BDCE3}忙里偷闲{/color}时{color=#F68CCA}与[bishu]互动{/color}了！ 按钮上出现{image=heart.png}图标代表触发了一段特殊剧情。","","","",""
"提示","","","",""
"gui/button/BT_manglitouxian_idle.png","","","",""
"images/face/Q_[mltx_biaoqing].png","","","",""
"mltx_cover","","","",""
"heart","","","",""
"gui/button/BT_yindao_hover.png","","","",""
"gui/button/BT_yindao_idle.png","","","",""
"tutorial_close","","","",""
